Customer_ID,frequency,recency,T,monetary_value,predicted_purchases_30d,predicted_purchases_60d,predicted_purchases_90d,predicted_clv
AA-10315,1.0,151.0,799.0,4406.072,0.05121933888427079,0.10243867776854167,0.1536580166528124,10707.945129678392
AA-10375,4.0,1042.0,1042.0,57.187000000000005,0.10310760212773036,0.20621520425546205,0.3093228063831911,82.33593755783181
AA-10645,3.0,1070.0,1106.0,560.3816666666667,0.07962614018166414,0.15925228036332917,0.23887842054499284,673.8056363469301
AB-10015,1.0,979.0,1375.0,563.9399999999999,0.035076927144609804,0.07015385428921964,0.10523078143382952,939.9437119534923
AB-10060,3.0,431.0,466.0,971.8426666666666,0.13510090977313874,0.2702018195462766,0.40530272931941536,1982.1985341822278
AB-10105,3.0,635.0,765.0,209.384,0.10192563761988097,0.20385127523976238,0.3057769128596442,322.5716299711075
AB-10150,2.0,1279.0,1377.0,53.449999999999996,0.051435351115560114,0.10287070223112023,0.15430605334668035,50.45532114072974
AB-10165,1.0,940.0,946.0,39.792,0.04583603640496875,0.09167207280993757,0.13750810921490614,88.55445099856081
AB-10255,2.0,756.0,948.0,41.821,0.06718953463582213,0.13437906927164403,0.2015686039074664,51.69382229412449
AC-10420,1.0,1035.0,1248.0,162.16,0.03769641079961093,0.07539282159922185,0.11308923239883274,291.65354140020645
AC-10450,1.0,695.0,764.0,1793.98,0.052692817658230306,0.10538563531646054,0.15807845297469078,4486.664915014635
AD-10180,1.0,881.0,891.0,916.59,0.04771228504447217,0.09542457008894438,0.1431368551334166,2076.712058305606
AF-10870,1.0,152.0,736.0,29.384,0.0539340787053387,0.10786815741067735,0.16180223611601596,77.5704756105633
AF-10885,2.0,915.0,1311.0,58.81,0.05336020790622265,0.10672041581244553,0.16008062371866819,57.54706383924114
AG-10300,1.0,272.0,371.0,5.96,0.07783554384043892,0.15567108768087784,0.2335066315213168,25.456339835691246
AG-10330,1.0,494.0,495.0,108.80000000000001,0.06765053697647895,0.13530107395295782,0.20295161092943648,352.16168350152907
AG-10390,2.0,1100.0,1195.0,12.232000000000001,0.057116990701116886,0.11423398140223377,0.17135097210335087,13.196481945352236
AG-10495,2.0,311.0,1072.0,739.893,0.061724924864437154,0.12344984972887409,0.18517477459331128,831.4229017731941
AG-10525,3.0,394.0,1220.0,420.3673333333333,0.07419912665064304,0.1483982533012852,0.22259737995192821,471.0892004876043
AG-10675,3.0,854.0,949.0,894.5125333333334,0.08854526528123911,0.17709053056247956,0.2656357958437191,1195.7949521954733
AG-10765,1.0,153.0,916.0,10.74,0.046840750632307186,0.09368150126461422,0.14052225189692144,25.94076576976263
AG-10900,3.0,729.0,828.0,504.4099999999999,0.09691144897752599,0.19382289795505242,0.29073434693257794,738.2111460117474
AH-10120,1.0,85.0,247.0,169.192,0.09163086682257608,0.18326173364515239,0.2748926004677283,739.5060350058527
AH-10195,1.0,976.0,1012.0,16.03,0.04377054508049117,0.08754109016098241,0.1313116352414734,35.22460412641237
AH-10210,3.0,662.0,762.0,851.4960000000001,0.10217738274019814,0.20435476548039672,0.3065321482205948,1313.5601495164394
AH-10465,2.0,820.0,1073.0,43.013999999999996,0.061684466190267934,0.12336893238053609,0.18505339857080402,48.79722893949347
AH-10585,1.0,156.0,158.0,15.984,0.10498619017243427,0.20997238034486845,0.31495857051730264,84.25915877697699
AH-10690,5.0,916.0,1349.0,389.32599999999996,0.10218952526900281,0.2043790505380065,0.3065685758070102,528.6421817849529
AI-10855,4.0,1311.0,1311.0,385.967,0.08738096934249413,0.17476193868498827,0.26214290802748175,469.31129069533
AJ-10795,1.0,251.0,706.0,1159.06,0.05533057616230093,0.11066115232460214,0.16599172848690305,3044.735297607614
AJ-10945,2.0,1313.0,1379.0,391.90700000000004,0.05137918761047265,0.1027583752209453,0.15413756283141797,366.78029592042776
AM-10360,1.0,1153.0,1162.0,178.89,0.03970423514989302,0.07940847029978595,0.11911270544967893,338.6988210591196
AP-10720,2.0,1009.0,1379.0,603.501,0.05137918761047265,0.1027583752209453,0.15413756283141797,564.5724058297706
AP-10915,3.0,1027.0,1126.0,450.29333333333335,0.07861733897045214,0.15723467794090384,0.23585201691135602,534.6479234859403
AR-10345,2.0,731.0,823.0,50.04,0.07377349604950455,0.14754699209900932,0.22132048814851385,67.79092546946868
AR-10825,3.0,970.0,1009.0,455.19,0.08491047418579327,0.16982094837158698,0.25473142255737846,583.7202734528088
AS-10045,3.0,274.0,343.0,578.544,0.15598679101329083,0.311973582026583,0.4679603730398729,1362.7359143155857
AS-10090,4.0,754.0,763.0,50.451499999999996,0.1267719125521321,0.2535438251042629,0.3803157376563929,89.35818605864337
AS-10225,2.0,949.0,952.0,117.53999999999999,0.0669981971746015,0.13399639434920232,0.20099459152380425,143.84335372424252
AS-10240,1.0,544.0,1157.0,70.27199999999999,0.03982756862648023,0.07965513725296061,0.11948270587944083,134.5335637838393
AS-10285,3.0,402.0,402.0,939.7466666666666,0.14521811696240855,0.2904362339248162,0.43565435088722476,2060.294303366587
AS-10630,2.0,398.0,1228.0,202.64800000000002,0.055995469686286915,0.11199093937257405,0.16798640905886097,206.92529343360292
AT-10435,2.0,825.0,827.0,553.804,0.07354288702597558,0.1470857740519505,0.22062866107792653,741.6198167520175
AT-10735,3.0,1002.0,1134.0,52.428,0.078220939604939,0.15644187920987845,0.2346628188148179,62.26044558856057
AW-10840,1.0,99.0,100.0,321.248,0.11600479308058435,0.23200958616116873,0.3480143792417534,1772.9892199997323
AW-10930,1.0,117.0,547.0,4.928,0.06413140324985221,0.12826280649970442,0.19239420974955662,17.83472761751237
AZ-10750,1.0,269.0,944.0,918.9659999999999,0.045901674455635956,0.09180334891127198,0.13770502336690799,2003.0776363111677
BB-10990,2.0,577.0,770.0,39.592,0.07697151885847545,0.15394303771695111,0.23091455657542634,56.09835280889033
BB-11545,4.0,911.0,920.0,1174.587,0.11227186126538066,0.22454372253076266,0.33681558379614335,1834.3140679106523
BC-11125,3.0,1071.0,1254.0,339.3793333333333,0.07272090826220498,0.14544181652440996,0.2181627247866145,372.817936723892
BD-11320,2.0,670.0,854.0,92.788,0.07202320698258587,0.14404641396517173,0.21606962094775803,122.19787023904908
BD-11605,1.0,306.0,914.0,448.81,0.0469093000003472,0.09381860000069424,0.1407279000010417,1000.8133918727607
BD-11620,1.0,207.0,643.0,194.848,0.058512151708914245,0.11702430341782866,0.17553645512674304,543.435455209372
BD-11635,1.0,426.0,1163.0,419.726,0.03967966001721685,0.07935932003443376,0.11903898005165085,791.8227160299585
BD-11725,1.0,762.0,892.0,175.70999999999998,0.047676801433934726,0.09535360286786931,0.14303040430180403,399.51695170832255
BD-11770,4.0,333.0,641.0,153.4265,0.14091397895936467,0.28182795791873,0.42274193687809464,301.1246739685621
BE-11455,2.0,400.0,862.0,136.958,0.07158491931753916,0.14316983863507854,0.2147547579526177,178.98066773179326
BF-10975,2.0,339.0,1228.0,11.639,0.055995469686286915,0.11199093937257405,0.16798640905886097,12.333238515061572
BF-11020,3.0,428.0,522.0,471.95133333333337,0.12733831366430357,0.2546766273286067,0.38201494099291067,907.6043411473734
BF-11080,1.0,84.0,90.0,32.67,0.11814262209965083,0.23628524419930172,0.35442786629895245,188.33447142287068
BF-11170,2.0,968.0,1248.0,12.478000000000002,0.05533694309277311,0.11067388618554644,0.1660108292783191,13.032881663161493
BF-11215,1.0,578.0,1128.0,692.94,0.04055829008510291,0.08111658017020577,0.12167487025530856,1335.0235625095836
BF-11275,1.0,116.0,154.0,361.376,0.10567844983591733,0.21135689967183477,0.3170353495077524,1816.333529582763
BG-11035,3.0,1123.0,1132.0,26.848000000000003,0.07831966421712235,0.15663932843424425,0.23495899265136658,32.10297127904123
BG-11695,1.0,239.0,1310.0,90.168,0.0363704495989831,0.07274089919796617,0.10911134879694923,157.1833201310314
BG-11740,1.0,423.0,461.0,486.368,0.07016809975518194,0.14033619951036358,0.21050429926554567,1622.0590683969565
BH-11710,4.0,1277.0,1281.0,574.232,0.0888930743809194,0.17778614876183613,0.2666792231427569,710.1713773690576
BK-11260,2.0,831.0,1226.0,160.75499999999997,0.05606218540623322,0.11212437081246644,0.16818655621869943,164.4421320115546
BM-11140,2.0,818.0,1190.0,446.472,0.05729084916886784,0.1145816983377359,0.17187254750660375,465.856365894687
BM-11650,2.0,1219.0,1251.0,1875.1265,0.05523949767860596,0.11047899535721215,0.16571849303581832,1884.9804691144298
BM-11785,2.0,484.0,1284.0,307.744,0.05418981840411305,0.10837963680822654,0.16256945521233981,303.8676138523996
BN-11470,1.0,1181.0,1186.0,10.68,0.0391227114074118,0.0782454228148236,0.11736813422223534,21.555101910678342
BO-11350,2.0,486.0,708.0,493.015,0.08108328441579138,0.1621665688315832,0.24324985324737458,727.9828651020721
BP-11050,1.0,1092.0,1156.0,42.76,0.03985232735481271,0.0797046547096253,0.11955698206443789,82.60510094072895
BP-11095,2.0,153.0,1283.0,62.434,0.05422104041051793,0.10844208082103586,0.16266312123155377,62.05042730617143
BP-11155,2.0,851.0,921.0,33.98,0.06851020964506709,0.1370204192901344,0.20553062893520146,42.936526346494354
BP-11185,2.0,706.0,707.0,490.562,0.081153206164419,0.16230641232883822,0.243459618493257,724.988861125713
BP-11290,2.0,829.0,1165.0,462.9935,0.05817626310958473,0.11635252621916946,0.17452878932875418,490.54297911490016
BS-11380,2.0,730.0,739.0,1079.282,0.07897391823881811,0.15794783647763644,0.23692175471645432,1551.4041041557439
BS-11590,1.0,275.0,1102.0,346.37,0.041236596943415506,0.08247319388683097,0.12370979083024633,679.3936181786958
BS-11755,2.0,981.0,1226.0,176.221,0.05606218540623322,0.11212437081246644,0.16818655621869943,180.21702459809399
BT-11305,1.0,86.0,827.0,13.9,0.05009859093792976,0.10019718187585941,0.15029577281378928,35.25500260939734
BT-11680,3.0,885.0,886.0,304.8353333333334,0.09271247807351596,0.18542495614703236,0.2781374342205483,426.97330512532744
BW-11065,1.0,660.0,853.0,324.744,0.049100939005741744,0.09820187801148349,0.1473028170172253,758.5899835501039
BW-11110,2.0,91.0,429.0,1561.401,0.1067428730426977,0.21348574608539495,0.3202286191280922,3033.204116540687
BW-11200,2.0,1033.0,1217.0,14.288,0.05636438408733155,0.11272876817466287,0.16909315226199442,15.130964672169874
CA-12055,1.0,338.0,828.0,1016.184,0.05005947069972246,0.10011894139944501,0.1501784120991674,2415.384167394468
CA-12265,3.0,636.0,673.0,268.0686666666667,0.1102562323551378,0.2205124647102756,0.33076869706541295,446.5881744891426
CA-12310,1.0,706.0,708.0,94.78399999999999,0.05523523035147453,0.11047046070294897,0.16570569105442334,250.8069665878005
CA-12775,3.0,630.0,731.0,219.44733333333332,0.10485347379631695,0.20970694759263434,0.3145604213889513,347.762534003632
CB-12025,2.0,218.0,309.0,278.274,0.12356096359906245,0.24712192719812512,0.37068289079718775,626.6149426885455
CB-12415,3.0,760.0,767.0,87.67999999999999,0.1017584955771229,0.20351699115424668,0.30527548673136823,135.1340580078595
CB-12535,4.0,793.0,1074.0,247.9855,0.10094634136198918,0.2018926827239797,0.3028390240859689,348.4632339568945
CC-12145,2.0,336.0,826.0,31.040000000000003,0.07360040401449446,0.1472008080289887,0.22080121204348266,42.189815488117986
CC-12220,7.0,1188.0,1189.0,359.61942857142856,0.14869840520114888,0.2973968104022991,0.44609521560344534,675.7148535837184
CC-12370,1.0,487.0,522.0,1.248,0.06577642428210195,0.13155284856420382,0.19732927284630572,6.809434767957317
CC-12430,3.0,792.0,827.0,182.80533333333335,0.0969871830006316,0.19397436600126275,0.2909615490018957,268.0379049441321
CC-12475,5.0,497.0,588.0,259.9796,0.1769195510141138,0.3538391020282258,0.5307586530423406,611.3089671617039
CC-12550,1.0,2.0,10.0,10.368,0.13857240633509002,0.27714481267018015,0.4157172190052701,74.29706756623378
CC-12610,1.0,399.0,826.0,227.65800000000002,0.05013777250139129,0.10027554500278266,0.15041331750417414,543.6947138702197
CC-12670,2.0,811.0,821.0,197.14499999999998,0.07388934375484726,0.1477786875096952,0.2216680312645431,265.65244804404915
CG-12040,2.0,894.0,924.0,42.9,0.06836090969904621,0.13672181939809197,0.2050827290971384,53.93703178224117
CJ-12010,3.0,417.0,641.0,2996.4979999999996,0.11348237172677637,0.22696474345355275,0.34044711518032866,5132.645822800172
CK-12205,4.0,1245.0,1371.0,117.268,0.0845060105187064,0.1690120210374128,0.2535180315561186,138.0900887742203
CK-12325,2.0,1187.0,1288.0,111.71,0.0540652891224562,0.10813057824491262,0.16219586736736905,110.3421120465469
CK-12595,3.0,331.0,884.0,244.3033333333333,0.09285120389956496,0.18570240779912991,0.27855361169869486,342.786705320331
CK-12760,4.0,1340.0,1403.0,204.36625,0.08304871900213039,0.16609743800425877,0.24914615700638915,236.30310138284756
CL-11890,1.0,191.0,375.0,40.032,0.0774593581332127,0.1549187162664254,0.23237807439963798,150.53206482311634
CL-12565,5.0,975.0,1378.0,575.5904,0.10057068480334885,0.20114136960669682,0.30171205441004656,769.0588038444942
CM-12190,1.0,633.0,763.0,183.372,0.05273616379123937,0.10547232758247885,0.15820849137371817,461.08095927326485
CM-12235,2.0,223.0,589.0,1049.222,0.09034657417254033,0.18069314834508066,0.27103972251762076,1725.4039058734272
CM-12655,3.0,761.0,769.0,750.0633333333334,0.10159190081033369,0.20318380162066782,0.30477570243100194,1150.5117858486094
CM-12715,2.0,359.0,1375.0,1386.0502,0.05149163754167012,0.10298327508334024,0.15447491262501037,1298.913982281154
CP-12085,2.0,1040.0,1103.0,142.01999999999998,0.0604948933312209,0.12098978666244224,0.18148467999366358,156.82409149594133
CP-12340,1.0,209.0,765.0,71.088,0.05264954267238662,0.10529908534477318,0.15794862801715978,179.88295887458986
CS-11845,1.0,681.0,984.0,1051.912,0.04462363609100399,0.08924727218200797,0.13387090827301212,2228.7349540407845
CS-11860,2.0,1167.0,1319.0,14.58,0.05311925357906447,0.10623850715812894,0.1593577607371943,14.542010032432309
CS-11950,4.0,1276.0,1282.0,145.002,0.08884182822015649,0.17768365644031364,0.26652548466047077,179.4410157119428
CS-12175,2.0,1004.0,1217.0,279.569,0.05636438408733155,0.11272876817466287,0.16909315226199442,287.16878924648745
CS-12250,4.0,1396.0,1403.0,127.61,0.08304871900213039,0.16609743800425877,0.24914615700638915,147.65326913240702
CS-12355,2.0,800.0,829.0,32.286,0.07342812231714445,0.14685624463428823,0.22028436695143244,43.755616459347884
CS-12400,4.0,704.0,801.0,627.9346250000001,0.12292920243363284,0.24585840486726568,0.3687876073008972,1073.896039334863
CS-12460,1.0,153.0,161.0,238.68400000000003,0.10447291815758421,0.20894583631516836,0.3134187544727528,1187.5507741220215
CS-12490,2.0,659.0,1064.0,336.98225,0.062050514981066944,0.12410102996213433,0.18615154494320127,380.9539009889414
CS-12505,1.0,905.0,944.0,168.1,0.04590167450530479,0.09180334901060964,0.1377050235159145,368.07120164984406
CT-11995,1.0,1124.0,1314.0,8.64,0.03628809973237639,0.07257619946475266,0.108864299197129,16.481596085530335
CV-12295,1.0,733.0,1196.0,147.26,0.038885406866765004,0.07777081373352994,0.11665622060029501,273.36733175410353
CV-12805,3.0,483.0,581.0,29.195999999999998,0.1200697861554084,0.24013957231081637,0.3602093584662252,53.47107130033557
CW-11905,2.0,1278.0,1281.0,321.754,0.05428359248107379,0.10856718496214736,0.16285077744322182,318.22991227714067
CY-12745,1.0,631.0,1095.0,87.28,0.0414231120923455,0.08284622418469093,0.12426933627703637,173.34453786396173
DA-13450,1.0,855.0,1188.0,77.75999999999999,0.03907501906564942,0.07815003813129895,0.1172250571969484,145.8716562152623
DB-12910,5.0,617.0,619.0,284.2522,0.17180163585621733,0.34360327171243554,0.515404907568652,649.0081641097397
DB-12970,1.0,903.0,1125.0,832.96,0.04063541525139025,0.08127083050278053,0.12190624575417085,1607.4748991069912
DB-13060,1.0,828.0,1381.0,714.3,0.034962148430637024,0.06992429686127402,0.10488644529191098,1186.246481960416
DB-13120,4.0,926.0,955.0,239.8225,0.1094802767889324,0.2189605535778648,0.3284408303667972,365.49363165262446
DB-13210,3.0,548.0,550.0,432.799,0.1237821897776305,0.2475643795552619,0.3713465693328933,809.1155914436316
DB-13270,4.0,1372.0,1406.0,1011.1289999999999,0.082914670645624,0.16582934129124866,0.24874401193687334,1166.1904723686293
DB-13555,3.0,1063.0,1157.0,681.2602666666667,0.07710324002370406,0.1542064800474081,0.23130972007111217,793.1182477360742
DB-13615,3.0,613.0,832.0,286.1886666666667,0.09660969196522287,0.1932193839304453,0.2898290758956682,417.7334342135123
DC-12850,1.0,1065.0,1255.0,12.48,0.03754188374410505,0.07508376748821019,0.11262565123231535,23.889784056313367
DC-13285,2.0,392.0,396.0,195.023,0.11089370337007809,0.2217874067401564,0.3326811101102347,394.4120152600382
DE-13255,1.0,432.0,1132.0,94.452,0.0404559107981037,0.08091182159620743,0.12136773239431112,183.06125491153296
DG-13300,1.0,244.0,1136.0,458.072,0.04035404705195422,0.08070809410390843,0.12106214115586265,878.6870594399873
DJ-13420,3.0,481.0,1099.0,631.0666666666667,0.0799853645818297,0.15997072916366029,0.23995609374548998,762.1734331785215
DJ-13510,4.0,274.0,303.0,74.3855,0.20394613841041187,0.4078922768208231,0.6118384152312349,211.63942038505968
DK-12835,4.0,1036.0,1038.0,283.15000000000003,0.10338428426693157,0.20676856853386313,0.31015285280079474,407.43696446917687
DK-12895,1.0,888.0,1009.0,1057.1680000000001,0.04386038431858943,0.08772076863717895,0.13158115295576817,2201.550161101317
DK-12985,2.0,642.0,862.0,230.01000000000002,0.07158491931753916,0.14316983863507854,0.2147547579526177,300.17034624250863
DK-13090,3.0,977.0,1015.0,388.8106666666667,0.084563340911563,0.169126681823126,0.25369002273468944,496.6172403228255
DK-13225,3.0,273.0,739.0,803.4593333333333,0.10414954008808318,0.2082990801761659,0.3124486202642491,1263.4071426687021
DK-13375,4.0,1191.0,1191.0,212.1815,0.0937605821364762,0.18752116427295173,0.28128174640942794,276.97263084069397
DL-12925,4.0,1151.0,1189.0,441.90250000000003,0.0938748108502787,0.18774962170055806,0.28162443255083747,577.2132014128531
DL-13315,4.0,1401.0,1404.0,261.56600000000003,0.0830039880833853,0.16600797616677193,0.24901196425015792,302.20324508430144
DM-12955,2.0,1003.0,1098.0,47.2,0.060689958994955696,0.12137991798991117,0.1820698769848671,52.63254408117643
DM-13015,3.0,849.0,887.0,181.91833333333332,0.09264327049360697,0.18528654098721484,0.27792981148082135,254.7926848628957
DM-13345,4.0,1131.0,1134.0,779.6705,0.09712895201212378,0.19425790402424956,0.2913868560363733,1053.4674524265913
DM-13525,2.0,793.0,1255.0,567.123,0.0551101030640207,0.1102202061280414,0.16533030919206232,569.0945816789414
DN-13690,1.0,4.0,1160.0,36.29,0.03975347657927294,0.07950695315854585,0.11926042973781877,70.19885479303493
DO-13435,1.0,973.0,1165.0,69.26400000000001,0.039630601012870546,0.0792612020257411,0.11889180303861169,131.97318107834337
DO-13645,2.0,758.0,765.0,302.851,0.0772875901806593,0.15457518036131881,0.23186277054197835,426.50736846063324
DP-13000,2.0,1156.0,1438.0,121.34,0.0497758206154943,0.0995516412309886,0.1493274618464829,110.3086508259637
DP-13165,1.0,312.0,1105.0,8.016,0.041157175089391006,0.08231435017878207,0.12347152526817327,17.474756200790452
DP-13390,4.0,916.0,1255.0,55.183499999999995,0.09024654166943974,0.18049308333887948,0.2707396250083192,69.55132018137786
DR-12940,3.0,801.0,832.0,2012.8133333333333,0.09660969196522287,0.1932193839304453,0.2898290758956682,2935.250393759857
DS-13030,1.0,1000.0,1251.0,400.61,0.037630029423750176,0.07526005884750027,0.1128900882712504,716.7975461604799
DS-13180,2.0,851.0,855.0,76.74000000000001,0.07196812774423599,0.1439362554884722,0.2159043832327082,101.09183438079702
DV-13045,2.0,547.0,547.0,531.1815,0.09414253875478808,0.18828507750957615,0.2824276162643642,910.6028356628643
DV-13465,3.0,753.0,763.0,473.33899999999994,0.10209332963980768,0.20418665927961535,0.3062799889194235,729.8087570547788
DW-13480,2.0,895.0,1289.0,456.454,0.054034246179059914,0.1080684923581196,0.16210273853717952,449.18860928374977
DW-13540,1.0,339.0,619.0,68.416,0.05982257884516431,0.11964515769032857,0.1794677365354929,196.80761825216527
DW-13585,2.0,268.0,491.0,144.83,0.09972946159400974,0.19945892318801947,0.2991883847820292,263.63249243933797
Dl-13600,3.0,1159.0,1259.0,225.14733333333334,0.07250847639145655,0.145016952782914,0.21752542917437054,246.72301639748193
Dp-13240,4.0,1092.0,1157.0,1453.14475,0.0957410757025582,0.19148215140511574,0.28722322710767395,1935.1213851212412
EA-14035,4.0,617.0,1136.0,368.29975,0.09700667178854092,0.19401334357708117,0.29102001536562006,497.1753616601861
EB-13705,4.0,1223.0,1252.0,33.992,0.09040536780220901,0.18081073560441735,0.27121610340662633,43.03047773282844
EB-13750,4.0,974.0,1005.0,598.2289999999999,0.10572485342548753,0.21144970685097506,0.31717456027646324,879.9243136339517
EB-13840,1.0,301.0,372.0,643.52,0.07774115527833557,0.1554823105566712,0.23322346583500686,2376.6849004017777
EB-13870,5.0,1040.0,1316.0,206.538,0.1040962306415407,0.2081924612830805,0.31228869192462116,285.79941767992733
EB-13975,2.0,280.0,707.0,324.3315,0.081153206164419,0.16230641232883822,0.243459618493257,479.55483301585724
EB-14110,2.0,666.0,760.0,315.67,0.07760626799941782,0.15521253599883608,0.23281880399825391,446.3655893307324
EB-14170,2.0,942.0,1005.0,11.328,0.06456211463535959,0.1291242292707194,0.193686343906079,13.854772461145055
EC-14050,1.0,330.0,364.0,38.16,0.07850273645881083,0.15700547291762168,0.23550820937643213,145.5883470997497
ED-13885,1.0,450.0,1220.0,2621.322,0.038327452994112096,0.07665490598822415,0.11498235898233625,4767.751304796712
EG-13900,2.0,767.0,770.0,690.436,0.07697151885847545,0.15394303771695111,0.23091455657542634,967.5326007688128
EH-13765,3.0,782.0,1339.0,375.53999999999996,0.0692708204641886,0.13854164092837676,0.20781246139256537,392.93462923224587
EH-13945,1.0,373.0,1258.0,3.366,0.03747604496023774,0.07495208992047547,0.11242813488071313,7.64504266996589
EH-14005,2.0,1090.0,1100.0,142.62900000000002,0.06061178196659242,0.12122356393318506,0.18183534589977748,157.7986802743588
EH-14125,1.0,364.0,976.0,129.976,0.044873518364124655,0.08974703672824952,0.13462055509237425,278.67140220838365
EJ-14155,3.0,1341.0,1379.0,660.5496666666667,0.06775805074718709,0.13551610149437462,0.20327415224156217,675.8103783290871
EM-13810,1.0,271.0,918.0,159.98,0.0467724013829907,0.0935448027659814,0.14031720414897228,357.03663234639066
EM-13825,3.0,1069.0,1105.0,224.51066666666665,0.07967726027662411,0.15935452055324867,0.2390317808298723,270.3504844001232
EM-13960,2.0,670.0,802.0,97.38,0.07500831803308232,0.15001663606616508,0.22502495409924764,133.52911331735487
EM-14095,2.0,763.0,857.0,77.758,0.07185822161033019,0.1437164432206606,0.21557466483099078,102.26834339256649
EM-14140,2.0,981.0,1010.0,1236.015,0.06434140891796993,0.12868281783593963,0.19302422675390932,1447.4274263723514
EP-13915,7.0,1225.0,1254.0,466.8981142857143,0.1430349618968523,0.28606992379370594,0.42910488569055955,843.8034753483109
ER-13855,1.0,59.0,461.0,1106.924,0.07016809969626336,0.14033619939252642,0.21050429908878993,3687.6731811020954
ES-14080,2.0,1157.0,1166.0,104.428,0.05814032141778023,0.11628064283556068,0.17442096425334092,110.95610322317646
FA-14230,2.0,213.0,1036.0,176.522,0.06321763887153124,0.12643527774306182,0.18965291661459308,203.56508135510137
FC-14245,2.0,638.0,732.0,374.385,0.07944057695462776,0.15888115390925509,0.23832173086388175,541.7772583130238
FC-14335,2.0,849.0,1158.0,1007.654,0.05842910460983096,0.11685820921966192,0.17528731382949286,1071.6681816238847
FG-14260,1.0,84.0,154.0,93.724,0.10567844983022218,0.21135689966044446,0.317035349490667,474.54082771562105
FH-14275,4.0,1314.0,1345.0,746.44,0.0857282629002249,0.17145652580045045,0.25718478870067535,890.1968135899251
FH-14365,2.0,611.0,769.0,21.021,0.07703452613939536,0.15406905227879095,0.2311035784181863,30.116376297173783
FM-14215,4.0,907.0,1371.0,72.652,0.0845060105187064,0.1690120210374128,0.2535180315561186,85.65651465207588
FM-14290,4.0,944.0,979.0,137.216,0.10764493626265306,0.21528987252530746,0.3229348087879605,205.76344816523536
FM-14380,4.0,757.0,883.0,382.4085,0.11538205054796387,0.23076410109592774,0.3461461516438923,613.9912813592923
FO-14305,3.0,1095.0,1281.0,93.46266666666668,0.0715883334309962,0.14317666686199151,0.2147650002929895,101.31620330095458
FP-14320,4.0,1096.0,1100.0,719.457,0.09925591502800588,0.19851183005601108,0.2977677450840163,993.4212427680093
FW-14395,1.0,119.0,462.0,16.59,0.07009138215666373,0.1401827643133272,0.21027414646999115,58.2684592062638
GA-14515,1.0,1001.0,1131.0,99.87,0.04048145716271415,0.08096291432542836,0.1214443714881425,193.58140912081262
GA-14725,4.0,1369.0,1399.0,62.279,0.08322812582918088,0.16645625165836175,0.2496843774875426,72.35502807619746
GB-14530,6.0,568.0,822.0,135.40233333333333,0.1679764190721822,0.3359528381443644,0.5039292572165466,293.6090486261165
GB-14575,1.0,270.0,913.0,196.01600000000002,0.04694364995398094,0.09388729990796207,0.14083094986194286,438.59328169163956
GD-14590,2.0,1125.0,1316.0,918.447,0.05320935600565238,0.10641871201130476,0.1596280680169567,889.5724426841039
GG-14650,3.0,942.0,981.0,275.62933333333336,0.08656884838784427,0.1731376967756881,0.2597065451635328,360.5215816330964
GH-14410,4.0,1063.0,1251.0,57.9555,0.09045843415063126,0.1809168683012632,0.27137530245189445,73.20179498841772
GH-14425,2.0,705.0,736.0,62.309000000000005,0.07917324179842786,0.1583464835968557,0.23751972539528382,90.42561045433273
GH-14485,1.0,427.0,795.0,1288.4640000000002,0.05138355230263167,0.10276710460526318,0.15415065690789512,3142.9662177913688
GM-14440,1.0,309.0,373.0,145.764,0.0776469953605002,0.1552939907210005,0.23294098608150052,540.3537904724687
GM-14455,2.0,1213.0,1340.0,617.919,0.05249698073171692,0.10499396146343384,0.15749094219515053,590.625860195748
GM-14500,2.0,640.0,1220.0,24.336000000000002,0.056263289847883424,0.11252657969576729,0.16878986954365072,25.389272076227495
GM-14680,3.0,875.0,1311.0,194.78266666666664,0.07037058862435823,0.14074117724871646,0.21111176587307512,207.19967889639886
GM-14695,1.0,1248.0,1346.0,1322.352,0.03564248620342091,0.07128497240684183,0.10692745861026269,2237.4343496249157
GT-14635,2.0,1247.0,1284.0,4096.382,0.05418981840411306,0.10837963680822657,0.16256945521233984,4039.113431429163
GW-14605,1.0,1372.0,1381.0,631.176,0.03496214844486935,0.06992429688973867,0.10488644533460793,1048.3817937747035
GZ-14470,3.0,1005.0,1224.0,42.85333333333333,0.07402210686018403,0.1480442137203685,0.2220663205805525,48.221927974401446
HA-14905,2.0,672.0,764.0,411.916,0.077351116196337,0.15470223239267356,0.23205334858901078,580.34449958387
HA-14920,4.0,1156.0,1157.0,340.5845,0.0957410757025582,0.19148215140511574,0.28722322710767395,453.78710417419813
HD-14785,1.0,392.0,1310.0,52.248000000000005,0.03637044963222649,0.07274089926445296,0.1091113488966794,91.75805427197531
HE-14800,1.0,215.0,371.0,469.65999999999997,0.07783554383346439,0.15567108766692878,0.23350663150039316,1737.6132317999254
HF-14995,3.0,609.0,611.0,284.0453333333333,0.11668317885991142,0.23336635771982195,0.35004953657973337,500.75533016109347
HG-14845,1.0,28.0,63.0,18.16,0.12432895192408135,0.24865790384816286,0.37298685577224433,112.61708119698986
HG-14965,2.0,730.0,734.0,1077.531,0.07930668408693343,0.15861336817386687,0.23792005226080007,1555.4146559236817
HG-15025,1.0,254.0,436.0,63.92,0.07214215480738069,0.1442843096147615,0.21642646442214197,221.95059431543572
HK-14890,2.0,1148.0,1280.0,45.032,0.054314922669958285,0.1086298453399159,0.16294476800987373,44.96149868677643
HL-15040,2.0,1240.0,1309.0,19.113999999999997,0.053420788436193405,0.10684157687238725,0.16026236530858068,19.03122525633655
HM-14860,2.0,609.0,738.0,331.02500000000003,0.0790402478184832,0.1580804956369664,0.23712074345544942,476.69425303794674
HM-14980,1.0,557.0,801.0,22.744,0.05113762522809468,0.10227525045618946,0.15341287568428416,57.44065387650781
HP-14815,1.0,576.0,1315.0,184.66,0.03626757045608511,0.07253514091217034,0.10880271136825533,319.3093019982348
HR-14770,2.0,1133.0,1381.0,461.41999999999996,0.05132314662418568,0.10264629324837181,0.1539694398725577,431.2881559347317
HW-14935,1.0,95.0,193.0,849.846,0.0992948149219377,0.1985896298438754,0.2978844447658136,4007.490380989534
IL-15100,5.0,1105.0,1228.0,981.1696,0.10954684974435529,0.21909369948871146,0.3286405492330676,1427.7767693238711
IM-15070,3.0,520.0,891.0,407.618,0.09236747033307104,0.18473494066614296,0.27710241099921445,568.6667746531994
JA-15970,3.0,1030.0,1125.0,219.19866666666667,0.07866717156171715,0.1573343431234352,0.2360015146851519,260.61643674692374
JB-15400,3.0,923.0,955.0,222.47866666666664,0.08816784224718219,0.17633568449436438,0.2645035267415457,296.4557377354634
JB-15925,1.0,372.0,1102.0,22.368,0.041236596960872986,0.08247319392174593,0.12370979088261877,45.5837347098639
JB-16000,3.0,662.0,701.0,20.17866666666667,0.10758017738282064,0.21516035476564171,0.3227405321484628,33.26825519803032
JB-16045,2.0,585.0,953.0,256.4025,0.06695053296218424,0.13390106592436848,0.20085159888655293,312.885332720638
JC-15340,1.0,367.0,462.0,47.94,0.070091382193271,0.14018276438654176,0.21027414657981294,162.5075627750203
JC-16105,1.0,792.0,830.0,12.39,0.049981413128028465,0.09996282625605701,0.14994423938408522,31.59228798891798
JD-15790,3.0,886.0,984.0,617.4720000000001,0.08638807342577648,0.17277614685155251,0.259164220277329,805.4596901707251
JD-15895,3.0,355.0,730.0,933.7786666666666,0.10494213514119365,0.20988427028238774,0.3148264054235809,1479.4232177592598
JD-16015,3.0,1071.0,1164.0,81.78333333333335,0.07676938315573831,0.15353876631147617,0.23030814946721534,95.1168088572952
JE-15610,2.0,885.0,914.0,268.704,0.06886112527958782,0.13772225055917564,0.20658337583876388,337.22595885629073
JE-15715,1.0,56.0,521.0,1854.241,0.06584398221273056,0.13168796442546102,0.1975319466381914,5794.681070499807
JE-15745,2.0,397.0,429.0,199.79500000000002,0.10674287304269772,0.213485746085395,0.32022861912809225,388.9162881624912
JE-16165,1.0,370.0,371.0,14.76,0.0778355438490938,0.1556710876981876,0.2335066315472814,57.94928927205818
JF-15190,3.0,219.0,374.0,401.79,0.15013701950229683,0.30027403900459365,0.45041105850689045,911.1233440642087
JF-15355,1.0,218.0,528.0,32.67,0.06537396974543454,0.13074793949086902,0.19612190923630343,104.21448092150942
JF-15415,1.0,890.0,981.0,1820.208,0.04471701514787506,0.08943403029575012,0.13415104544362527,3863.1821384391956
JF-15490,3.0,579.0,798.0,134.56733333333332,0.0992361540418161,0.19847230808363264,0.2977084621254492,202.00739380882277
JF-15565,4.0,1122.0,1157.0,746.8625000000001,0.0957410757025582,0.19148215140511574,0.28722322710767395,994.7317667168361
JG-15115,1.0,421.0,1160.0,288.85,0.039753476736716885,0.07950695347343374,0.11926043021015058,546.4852587742204
JG-15160,1.0,573.0,944.0,657.0,0.04590167449104731,0.09180334898209469,0.13770502347314206,1432.6481656240646
JG-15805,1.0,185.0,1346.0,107.44,0.035642486101296667,0.07128497220259333,0.10692745830388994,183.2410405598662
JH-15820,1.0,675.0,830.0,228.92,0.049981413123569525,0.09996282624713913,0.1499442393707084,544.9913902889259
JH-15910,2.0,700.0,913.0,17.377000000000002,0.06891154975611821,0.1378230995122371,0.20673464926835575,22.372068089675665
JH-15985,3.0,1210.0,1220.0,180.48933333333335,0.07419912665064306,0.14839825330128523,0.22259737995192827,202.46633393219847
JH-16180,1.0,156.0,771.0,887.966,0.0523913784047188,0.10478275680943762,0.1571741352141566,2209.2322307941013
JJ-15445,1.0,548.0,1012.0,54.5,0.0437705450617418,0.08754109012348367,0.1313116351852253,115.10360780184544
JJ-15760,1.0,64.0,798.0,119.96,0.05126029371428648,0.10252058742857305,0.15378088114285976,293.97836811263693
JK-15205,1.0,813.0,1249.0,36.364,0.03767425766026671,0.0753485153205334,0.11302277298080009,66.65950955989068
JK-15370,2.0,1214.0,1340.0,271.816,0.05249698073171692,0.10499396146343384,0.15749094219515053,260.0599445858181
JK-15625,1.0,242.0,1099.0,106.8,0.04131632591390013,0.08263265182780041,0.12394897774170024,211.15634868435856
JK-15640,1.0,570.0,731.0,4150.972,0.05416191231618987,0.10832382463237981,0.16248573694856952,10667.681255794061
JK-15730,2.0,1041.0,1106.0,121.953,0.06037845466298858,0.12075690932597738,0.18113536398896596,134.4786259924407
JK-16090,1.0,61.0,70.0,2479.96,0.12266371189217054,0.24532742378434072,0.36799113567651137,14436.199007392399
JK-16120,5.0,1037.0,1135.0,73.8928,0.11596387620564041,0.2319277524112826,0.34789162861692124,114.09203465708066
JL-15130,1.0,953.0,1197.0,43.888000000000005,0.03886183466123099,0.07772366932246189,0.11658550398369291,82.63153709530991
JL-15175,1.0,1034.0,1071.0,9.664,0.04207560344245189,0.08415120688490375,0.12622681032735542,21.15410316387632
JL-15235,1.0,454.0,554.0,255.248,0.06368543974727468,0.1273708794945494,0.19105631924182373,773.9586392425454
JL-15505,2.0,582.0,612.0,1294.407,0.08839474748890935,0.1767894949778187,0.2651842424667283,2082.4395352201122
JL-15835,2.0,1251.0,1253.0,1049.805,0.05517472450802908,0.11034944901605816,0.16552417352408702,1054.2907645809803
JL-15850,1.0,27.0,1011.0,87.8,0.043800450420376474,0.087600900840753,0.1314013512611293,184.3735210623808
JM-15580,1.0,119.0,578.0,99.87199999999999,0.06220241271235124,0.12440482542470269,0.18660723813705374,297.4564269836643
JM-15655,1.0,979.0,1343.0,402.645,0.03570203494643481,0.07140406989286971,0.10710610483930469,683.5186047511797
JM-15865,1.0,285.0,375.0,166.44,0.07745935814514575,0.1549187162902915,0.23237807443543712,615.0226892473331
JM-16195,4.0,1158.0,1196.0,207.16299999999998,0.09347622287615802,0.1869524457523167,0.2804286686284747,269.6087365683644
JO-15145,3.0,1397.0,1435.0,588.486,0.0657478830030153,0.13149576600603016,0.19724364900904634,584.2536654629114
JP-15520,2.0,1125.0,1128.0,1027.93,0.05953807653572128,0.11907615307144279,0.17861422960716364,1113.9714071214278
JP-16135,4.0,678.0,891.0,280.906,0.1146950629687362,0.22939012593747307,0.3440851889062093,448.43338281629076
JR-16210,1.0,61.0,671.0,8.904,0.057054072249399575,0.11410814449879914,0.17116221674819881,26.627765951013732
JS-15595,1.0,1279.0,1379.0,257.508,0.03500032445970152,0.07000064891940307,0.10500097337910452,429.1055660239662
JS-15880,1.0,675.0,1343.0,1366.04,0.03570203493270287,0.07140406986540582,0.10710610479810884,2315.164289937339
JS-15940,1.0,764.0,1318.0,132.168,0.03620612184526938,0.07241224369053878,0.10861836553580823,228.6104254186166
JW-16075,1.0,151.0,732.0,88.704,0.05411619169012157,0.10823238338024305,0.16234857507036465,230.11730753965736
KA-16525,1.0,580.0,1371.0,99.85999999999999,0.035153865860434154,0.07030773172086821,0.10546159758130234,168.08831209050152
KB-16240,2.0,612.0,765.0,793.887,0.0772875901806593,0.15457518036131881,0.23186277054197835,1116.972069981374
KB-16315,2.0,616.0,893.0,304.98999999999995,0.06993577786015798,0.1398715557203164,0.20980733358047504,388.65841830970896
KB-16405,1.0,1.0,99.0,56.136,0.11621508802594367,0.2324301760518872,0.348645264077831,314.6306932254634
KB-16585,6.0,1073.0,1347.0,88.25666666666666,0.11897319555675828,0.23794639111351434,0.3569195866702715,135.63070706074112
KB-16600,2.0,731.0,733.0,49.788,0.07937357405586927,0.15874714811173832,0.2381207221676076,72.5729613358996
KC-16255,1.0,633.0,1190.0,64.784,0.039027442857974715,0.07805488571594935,0.11708232857392402,121.67037429734677
KC-16540,1.0,314.0,770.0,3354.98,0.052434229850175096,0.10486845970035037,0.15730268955052518,8347.458183213199
KD-16270,4.0,661.0,1126.0,1660.7155,0.09762117129694835,0.19524234259389603,0.2928635138908437,2254.922198459816
KD-16495,4.0,671.0,764.0,357.262,0.12666771323002327,0.2533354264600452,0.38000313969006777,629.7494964307351
KE-16420,4.0,1341.0,1348.0,109.91000000000001,0.0855854323699626,0.17117086473992454,0.25675629710988646,131.09624078120115
KF-16285,3.0,550.0,641.0,1787.5839999999998,0.11348237172677637,0.22696474345355275,0.34044711518032866,3062.1346549372083
KH-16330,1.0,34.0,1350.0,45.248,0.035563395998293584,0.07112679199658718,0.10669018799488061,77.91250730012085
KH-16360,1.0,275.0,527.0,25.472,0.06544070315262572,0.13088140630525133,0.19632210945787684,81.97545405738707
KH-16510,1.0,1160.0,1163.0,3955.507,0.03967966005497384,0.07935932010994774,0.11903898016492183,7447.339743717115
KH-16630,5.0,1097.0,1136.0,58.22279999999999,0.11589088000617515,0.2317817600123494,0.3476726400185201,89.90162806371731
KH-16690,1.0,218.0,735.0,95.76,0.05397949196152764,0.10795898392305521,0.16193847588458277,247.6042622677951
KL-16555,1.0,363.0,400.0,1883.7240000000002,0.07518816628122986,0.15037633256245944,0.22556449884368932,6722.187322310146
KL-16645,3.0,972.0,1218.0,418.1803333333334,0.07428795442577554,0.14857590885155153,0.22286386327732663,469.20116403884447
KM-16225,4.0,887.0,889.0,236.086,0.11486604178130755,0.2297320835626151,0.34459812534392265,377.5048878768449
KM-16375,2.0,699.0,736.0,138.945,0.07917324179842786,0.1583464835968557,0.23751972539528382,200.81558624139416
KM-16660,1.0,235.0,732.0,19.312,0.05411619170990902,0.10823238341981795,0.16234857512972703,51.97579742854556
KM-16720,1.0,1341.0,1350.0,1271.17,0.03556339619345501,0.07112679238691004,0.10669018858036489,2146.122181585232
KN-16390,6.0,1105.0,1105.0,298.58166666666665,0.13745738795687784,0.2749147759137568,0.4123721638706368,529.48476302973
KN-16450,2.0,1306.0,1339.0,161.416,0.052526281988840545,0.10505256397768065,0.15757884596652097,154.70226578530603
KN-16705,2.0,1197.0,1380.0,140.665,0.05135115182754933,0.10270230365509911,0.15405345548264845,131.85436513741465
KT-16465,1.0,818.0,1190.0,104.85,0.0390274428675932,0.07805488573518632,0.11708232860277948,195.84828243528383
KT-16480,3.0,915.0,1372.0,1173.6386666666667,0.06801799749059112,0.13603599498118268,0.20405399247177383,1205.1115370109303
LA-16780,2.0,547.0,1249.0,375.08299999999997,0.055304423110744745,0.11060884622148927,0.16591326933223424,377.8732784540759
LB-16795,4.0,250.0,466.0,876.173,0.16775827353166828,0.33551654706333855,0.5032748205950075,2044.6586075940484
LC-16870,3.0,945.0,953.0,207.30733333333333,0.08829329191414188,0.17658658382828377,0.26487987574242516,276.66108458472763
LC-16885,1.0,549.0,731.0,17.088,0.054161912314994405,0.10832382462998888,0.16248573694498314,46.305485567957334
LC-16930,3.0,402.0,494.0,62.928,0.13110480818905126,0.2622096163781021,0.3933144245671533,125.12967916359509
LC-17050,3.0,1100.0,1135.0,398.32,0.078171670574369,0.156343341148738,0.23451501172310654,470.29969489697163
LC-17140,3.0,1096.0,1189.0,81.80533333333334,0.07560027939998964,0.15120055879997885,0.2268008381999685,93.69339777155356
LD-17005,1.0,4.0,399.0,257.98,0.07527645367949666,0.1505529073589933,0.22582936103848997,924.5782412559181
LE-16810,1.0,911.0,913.0,444.768,0.046943650002363994,0.09388730000472818,0.14083095000709203,992.5450258002197
LF-17185,2.0,1098.0,1101.0,597.5785,0.06057276893088505,0.12114553786176965,0.18171830679265447,659.0678703554216
LH-16900,3.0,1195.0,1197.0,200.41866666666667,0.075233650145137,0.15046730029027355,0.22570095043541055,227.9178780547324
LH-17020,3.0,970.0,1190.0,89.01833333333333,0.07555425544607776,0.15110851089215552,0.22666276633823285,101.86122125517117
LH-17155,4.0,729.0,1095.0,322.66875000000005,0.09957658593104815,0.19915317186209897,0.2987297577931471,447.15658623420546
LL-16840,1.0,296.0,1217.0,16.64,0.0383963199822362,0.07679263996447241,0.11518895994670861,32.010751469908406
LM-17065,1.0,120.0,492.0,15.528,0.06786538489725616,0.1357307697945126,0.20359615469176848,52.998922700192644
LO-17170,1.0,212.0,1039.0,46.32,0.04297825366229473,0.08595650732458937,0.12893476098688395,96.34263008033827
LP-17080,1.0,181.0,395.0,101.062,0.07563168677564963,0.15126337355129924,0.22689506032694867,365.94570670276755
LP-17095,4.0,456.0,553.0,153.88299999999998,0.1532449983329404,0.30648999666587945,0.45973499499881915,328.4481965026065
LR-16915,4.0,1214.0,1221.0,663.233,0.09207991244398848,0.18415982488797564,0.2762397373319661,849.6013143782254
LR-17035,1.0,365.0,1191.0,806.4090000000001,0.03900369815032263,0.07800739630064517,0.11701109445096797,1493.8002395896192
LS-16945,1.0,174.0,333.0,396.394,0.08160036263115458,0.16320072526230917,0.24480108789346394,1538.0486553579965
LS-16975,2.0,399.0,400.0,145.43,0.11037345970492494,0.22074691940984967,0.3311203791147744,292.9745053995572
LT-16765,2.0,1190.0,1197.0,137.96800000000002,0.05704774241292828,0.11409548482585612,0.17114322723878417,143.6822772941919
LT-17110,2.0,559.0,1289.0,543.9135,0.0540342461790599,0.10806849235811958,0.1621027385371795,535.168020912311
LW-16825,1.0,1190.0,1259.0,20.64,0.0374541500504585,0.07490830010091712,0.11236245015137562,38.33230548643209
LW-16990,3.0,395.0,585.0,268.80733333333336,0.11960692402970054,0.23921384805940107,0.3588207720891012,485.79614725373284
LW-17125,2.0,1001.0,1187.0,565.545,0.057395673218722715,0.11479134643744543,0.17218701965616792,591.0487259904617
LW-17215,4.0,1184.0,1186.0,334.72499999999997,0.09404667674547725,0.18809335349095516,0.2821400302364324,438.0924634675471
MA-17560,3.0,489.0,1221.0,594.1606666666667,0.0741547923755031,0.1483095847510053,0.2224643771265097,665.310632598604
MA-17995,1.0,2.0,401.0,1603.136,0.07510008558956605,0.1502001711791322,0.22530025676869805,5714.685375190545
MB-17305,5.0,1192.0,1221.0,148.77839999999998,0.11000503251247329,0.2200100650249439,0.33001509753742164,217.63622294404053
MB-18085,4.0,1217.0,1436.0,344.37025,0.08159760934013816,0.16319521868027564,0.24479282802041316,391.0468182620015
MC-17275,1.0,364.0,1190.0,41.374,0.039027442829762414,0.07805488565952474,0.11708232848928714,78.32926635924922
MC-17575,5.0,1097.0,1105.0,251.5278,0.11819734539679368,0.23639469079358735,0.35459203619038193,395.13896930622724
MC-17590,1.0,423.0,455.0,163.55,0.0706319551618934,0.14126391032378696,0.2118958654856804,551.1301230354002
MC-17605,2.0,1013.0,1106.0,216.096,0.06037845466298858,0.12075690932597738,0.18113536398896596,237.89478619889684
MC-17845,3.0,1254.0,1255.0,819.2466666666666,0.07267832236673026,0.14535664473346008,0.2180349671001908,898.9559381018314
MC-18100,2.0,877.0,977.0,67.02,0.06582659602491418,0.13165319204982837,0.19747978807474256,80.82409170881857
MC-18130,1.0,126.0,765.0,12.96,0.0526495426494839,0.10529908529896774,0.15794862794845163,34.70239394536463
MD-17350,4.0,1034.0,1132.0,283.5395,0.09725154090159062,0.19450308180318057,0.2917546227047712,383.7946396806613
ME-17320,4.0,1404.0,1435.0,1122.958,0.08164083690827248,0.1632816738165443,0.24492251072481813,1275.2417295096698
ME-17725,2.0,1239.0,1248.0,375.385,0.05533694309277311,0.11067388618554644,0.1660108292783191,378.3995214825396
MF-17665,2.0,300.0,702.0,123.77300000000001,0.08150463164049651,0.16300926328099324,0.24451389492148995,184.2309615198776
MF-18250,1.0,95.0,855.0,304.224,0.04902583972620941,0.09805167945241863,0.14707751917862832,709.7063824079535
MG-17650,3.0,1210.0,1220.0,637.2246666666666,0.07419912665064306,0.14839825330128523,0.22259737995192827,713.9328064604789
MG-17875,1.0,362.0,459.0,147.184,0.07032203979233619,0.1406440795846727,0.21096611937700888,494.11569062316204
MG-17890,1.0,368.0,647.0,49.08,0.058299308476164234,0.11659861695232851,0.17489792542849295,138.3203256495717
MG-18145,1.0,765.0,830.0,1324.574,0.049981413127117486,0.09996282625423505,0.1499442393813523,3142.8197747289933
MH-17290,1.0,175.0,275.0,702.52,0.08810480558157117,0.17620961116314185,0.2643144167447136,2940.1126963330685
MH-17440,1.0,734.0,1406.0,241.5,0.03449188043121365,0.06898376086242723,0.10347564129364085,396.67918786086113
MH-17455,3.0,1183.0,1249.0,594.1133333333333,0.07293458853596078,0.14586917707192157,0.21880376560788237,654.3109631876634
MH-17620,1.0,273.0,737.0,30.96,0.05388874184020604,0.10777748368041205,0.16166622552061805,81.53413541753665
MH-18025,1.0,1222.0,1252.0,88.92,0.03760795422615869,0.07521590845231739,0.11282386267847613,160.30498246166934
MJ-17740,4.0,913.0,916.0,269.944,0.11259999069947146,0.22519998139894293,0.3377999720984157,423.07647872621817
MK-18160,2.0,153.0,374.0,339.37,0.1138450413968842,0.22769008279376796,0.3415351241906517,703.8876525217374
ML-17395,3.0,920.0,1225.0,205.6966666666667,0.07397798380987436,0.14795596761974739,0.22193395142962308,230.0067315201367
ML-17755,4.0,484.0,494.0,290.37,0.1627962114424555,0.325592422884909,0.48838863432736324,657.9251284622294
ML-18040,1.0,130.0,190.0,674.872,0.09975835526810463,0.19951671053620926,0.2992750658043135,3198.158677973068
MM-17920,3.0,968.0,1066.0,769.66,0.08172345670726525,0.1634469134145305,0.2451703701217953,949.6752181939105
MM-18055,2.0,1246.0,1340.0,423.3525,0.05249698073171692,0.10499396146343384,0.15749094219515053,404.79374311060457
MM-18280,1.0,118.0,184.0,40.99,0.10069854205124969,0.20139708410249965,0.3020956261537492,200.27068775804986
MN-17935,1.0,945.0,1249.0,23.12,0.03767425766509264,0.07534851533018526,0.11302277299527788,42.989830248079436
MO-17500,1.0,28.0,461.0,59.752,0.07016809968393303,0.14033619936786576,0.2105042990517989,202.00345415086267
MO-17800,1.0,6.0,191.0,169.253,0.09960336166010415,0.19920672332020842,0.29881008498031236,804.1362038541004
MO-17950,1.0,823.0,984.0,24.0,0.044623636096881816,0.08924727219376362,0.13387090829064557,52.782559511793245
MP-17470,3.0,586.0,1286.0,578.2439999999999,0.07138245760811703,0.1427649152162336,0.21414737282435065,623.2901108709127
MP-17965,2.0,644.0,801.0,137.988,0.07506815098255971,0.15013630196511965,0.2252044529476796,189.09637259285276
MP-18175,3.0,669.0,736.0,109.77833333333335,0.10441240481007026,0.20882480962014008,0.31323721443021035,173.48135359044454
MR-17545,2.0,1039.0,1195.0,91.33999999999999,0.057116990701116886,0.11423398140223377,0.17135097210335087,95.40259317039954
MS-17365,5.0,935.0,1189.0,598.9208000000001,0.11214934230056951,0.22429868460113903,0.33644802690170766,892.3500156445775
MS-17530,1.0,362.0,1133.0,301.96,0.04043039667890166,0.08086079335780334,0.121291190036705,580.9350580113412
MS-17710,1.0,953.0,1347.0,42.622,0.03562268073238252,0.07124536146476489,0.10686804219714731,73.6047716408412
MS-17770,2.0,860.0,1256.0,283.144,0.055077849072979586,0.1101556981459594,0.165233547218939,284.19644811054184
MS-17830,2.0,999.0,1432.0,159.64600000000002,0.04993428943378449,0.09986857886756875,0.14980286830135348,145.46022094475578
MS-17980,3.0,1029.0,1036.0,233.72799999999998,0.08337041089963568,0.16674082179927002,0.25011123269890567,294.47927806875146
MT-17815,2.0,736.0,766.0,20.619999999999997,0.07722416842315737,0.1544483368463145,0.23167250526947208,29.627117379369047
MT-18070,1.0,303.0,487.0,823.7249999999999,0.06822651356641432,0.13645302713282842,0.20467954069924277,2669.0470689328604
MV-17485,2.0,454.0,462.0,186.781,0.10289156833123199,0.20578313666246376,0.30867470499369554,350.5223314461753
MV-18190,3.0,1012.0,1012.0,322.396,0.08473655203207543,0.16947310406415042,0.25420965609622587,412.69909761442443
MY-17380,1.0,274.0,284.0,10.368,0.08702835693649545,0.1740567138729906,0.2610850708094864,46.661177982674275
MY-18295,3.0,520.0,619.0,311.32733333333334,0.11581210737104239,0.23162421474208433,0.34743632211312675,544.7022920852627
MZ-17335,1.0,336.0,764.0,170.976,0.052692817632091035,0.105385635264182,0.15807845289627295,429.71626409675673
MZ-17515,3.0,799.0,1347.0,731.9540000000001,0.0689628866750413,0.1379257733500826,0.20688866002512435,762.1452200003495
NB-18655,2.0,1102.0,1102.0,41.89,0.060533806084690805,0.12106761216938161,0.18160141825407242,46.64907518959219
NC-18340,1.0,335.0,1317.0,1273.606,0.03622658152628777,0.07245316305257558,0.10867974457886342,2190.329341843307
NC-18415,1.0,402.0,1318.0,12.96,0.036206121812861404,0.07241224362572282,0.10861836543858429,23.86419784780582
NC-18535,2.0,252.0,254.0,229.37849999999997,0.13317824991735527,0.2663564998347103,0.3995347497520661,556.9137797028903
NC-18625,2.0,769.0,954.0,412.12,0.06690293652060642,0.1338058730412124,0.2007088095618188,502.2029436724687
ND-18370,2.0,1128.0,1136.0,63.566,0.059238255353273796,0.11847651070654759,0.17771476605982095,69.01213626410102
ND-18460,1.0,1220.0,1404.0,1347.52,0.03452903583140463,0.0690580716628094,0.10358710749421408,2208.7633063875005
NF-18385,1.0,1339.0,1399.0,673.344,0.03462227545296429,0.06924455090592861,0.10386682635889304,1107.4478435699696
NF-18595,3.0,1094.0,1189.0,99.28266666666666,0.07560027939998964,0.15120055879997885,0.2268008381999685,113.63464585278822
NG-18430,2.0,1075.0,1104.0,399.492,0.060456030573934984,0.12091206114786997,0.18136809172180496,439.91993376729056
NH-18610,1.0,1133.0,1380.0,580.8599999999999,0.034981226032985584,0.06996245206597128,0.10494367809895688,965.4570961337986
NM-18445,2.0,269.0,1402.0,2653.462,0.050742013629804406,0.10148402725960881,0.15222604088941324,2450.0525698479332
NM-18520,3.0,452.0,825.0,605.8446666666667,0.09713900670889583,0.1942780134177921,0.29141702012668796,888.6523675475743
NP-18325,2.0,849.0,855.0,216.137,0.07196812774423599,0.1439362554884722,0.2159043832327082,283.6124872240189
NP-18670,1.0,21.0,60.0,95.66000000000001,0.12505654807398378,0.2501130961479676,0.37516964422195176,573.0419104980297
NP-18685,2.0,639.0,1375.0,503.68,0.05149163754167012,0.10298327508334024,0.15447491262501037,472.2939657417813
NP-18700,3.0,792.0,1193.0,2303.4661666666666,0.07541651919307411,0.15083303838614778,0.22624955757922235,2622.169738384689
NR-18550,2.0,1092.0,1283.0,739.221,0.054221040410517965,0.10844208082103593,0.16266312123155388,729.6841056759711
NS-18640,7.0,853.0,1008.0,240.507,0.16712499548395973,0.33424999096791813,0.5013749864518778,507.9990835663211
NW-18400,2.0,795.0,948.0,107.2345,0.06718953463582213,0.13437906927164403,0.2015686039074664,131.65651340642393
NZ-18565,5.0,1161.0,1227.0,113.2192,0.10961207060715566,0.21922414121431222,0.32883621182146877,165.0928518005514
ON-18715,3.0,493.0,1133.0,228.8213333333333,0.0782702707799732,0.1565405415599464,0.23481081233992004,270.668549163707
PC-19000,1.0,480.0,1343.0,1011.696,0.035702034915505075,0.07140406983101023,0.10710610474651547,1715.0326102414124
PF-19120,1.0,337.0,1316.0,847.2,0.03624706438802008,0.07249412877603999,0.1087411931640602,1458.3640808776017
PF-19225,2.0,308.0,403.0,284.61100000000005,0.10998646908650421,0.21997293817300842,0.32995940725951245,570.45522874483
PG-18820,4.0,1282.0,1312.0,201.73899999999998,0.08733145130131727,0.17466290260263453,0.26199435390395176,245.29816846457655
PG-18895,2.0,1272.0,1310.0,264.232,0.05339048098649963,0.10678096197299904,0.16017144295949864,257.11934482511157
PJ-18835,2.0,547.0,585.0,17.823999999999998,0.09069485502412605,0.18138971004825233,0.27208456507237816,30.181576132814012
PJ-19015,1.0,885.0,1344.0,146.04,0.03568216326360869,0.0713643265272173,0.10704648979082591,248.7831960837363
PK-18910,1.0,883.0,1347.0,1422.252,0.035622680729900935,0.07124536145980172,0.10686804218970257,2405.0097866378546
PK-19075,4.0,1092.0,1126.0,563.019,0.09762117129694835,0.19524234259389603,0.2928635138908437,764.6777073439486
PM-18940,1.0,950.0,1317.0,1056.86,0.036226581577859115,0.07245316315571827,0.10867974473357746,1817.8459262548633
PM-19135,1.0,397.0,429.0,691.144,0.07271495257262187,0.1454299051452437,0.21814485771786604,2387.3024785737944
PN-18775,2.0,825.0,857.0,81.35,0.07185822161033019,0.1437164432206606,0.21557466483099078,106.96437676301767
PO-18850,4.0,1066.0,1135.0,86.421,0.09706777339000452,0.19413554678000972,0.29120332017001427,116.97627352725885
PO-19180,3.0,398.0,853.0,1238.8916666666667,0.09505580215543803,0.1901116043108725,0.2851674064663092,1777.7671935717447
PO-19195,1.0,1370.0,1437.0,236.722,0.03392602952453869,0.06785205904907742,0.1017780885736162,382.48186269227915
PP-18955,3.0,794.0,1190.0,1092.3533333333332,0.07555425544607776,0.15110851089215552,0.22666276633823285,1245.9471889876156
PR-18880,1.0,218.0,1193.0,121.888,0.03895629533213084,0.07791259066426168,0.11686888599639259,226.97777559609978
PS-18970,2.0,877.0,945.0,13.99,0.06733375646446446,0.13466751292892892,0.20200126939339338,17.710619408095646
PS-19045,2.0,182.0,399.0,1688.4660000000001,0.11050306246071269,0.22100612492142582,0.33150918738213875,3395.5110985347333
PT-19090,1.0,724.0,1186.0,93.456,0.039122711393156956,0.07824542278631391,0.11736813417947083,175.18009636678548
PV-18985,2.0,1178.0,1248.0,888.9300000000001,0.05533694309277311,0.11067388618554644,0.1660108292783191,895.4251259653481
PW-19030,2.0,914.0,1042.0,64.8,0.06296385960978577,0.12592771921957155,0.1888915788293573,74.76603272107677
QJ-19255,5.0,1283.0,1289.0,948.6795999999998,0.10571000619138718,0.21142001238277258,0.31713001857415885,1332.1552073362636
RA-19285,2.0,484.0,494.0,413.953,0.09941340493564772,0.19882680987129522,0.29824021480694296,749.5561783266389
RA-19885,2.0,1307.0,1343.0,82.299,0.05240927277757517,0.10481854555515012,0.15722781833272506,78.9185760513154
RB-19435,3.0,1371.0,1371.0,317.324,0.06805529564668725,0.13611059129337494,0.2041658869400626,326.2455751932255
RB-19465,3.0,666.0,1191.0,248.44466666666668,0.0755082874950173,0.15101657499003415,0.226524862485051,283.47980170613306
RB-19570,1.0,458.0,464.0,199.73,0.06993844925607205,0.13987689851214422,0.20981534776821636,665.7552315583399
RB-19795,2.0,1220.0,1287.0,92.887,0.0540963677550077,0.10819273551001496,0.16228910326502244,91.87981060389028
RC-19825,2.0,700.0,1102.0,169.482,0.060533806084690805,0.12106761216938161,0.18160141825407242,187.1696144590825
RC-19960,2.0,1010.0,1101.0,67.036,0.06057276893088505,0.12114553786176965,0.18171830679265447,74.39090002165423
RD-19480,2.0,907.0,1282.0,72.855,0.05425229841540689,0.10850459683081333,0.16275689524622022,72.37218466662452
RD-19585,3.0,1188.0,1349.0,199.946,0.06888633052687738,0.13777266105375477,0.20665899158063258,208.1974737285795
RD-19660,1.0,879.0,974.0,1577.94,0.044936426862718266,0.08987285372543659,0.13480928058815483,3365.6936804344255
RD-19720,4.0,1218.0,1220.0,173.06449999999998,0.09213496345340218,0.18426992690680435,0.2764048903602059,222.049311628383
RD-19810,2.0,241.0,552.0,340.268,0.09367399493011823,0.18734798986023712,0.2810219847903547,580.7033803630491
RD-19900,2.0,1251.0,1346.0,562.655,0.052321857406137776,0.10464371481227577,0.15696557221841376,536.0485685470901
RD-19930,1.0,920.0,1165.0,106.104,0.039630601011311176,0.07926120202262237,0.11889180303393358,201.23258960954934
RE-19450,1.0,1004.0,1287.0,26.88,0.036851311033680806,0.07370262206736168,0.11055393310104242,48.62385721275396
RF-19345,1.0,276.0,647.0,11.952,0.05829930846493615,0.11659861692987235,0.1748979253948087,35.638529456910994
RF-19735,1.0,1153.0,1223.0,275.65,0.03825883261236835,0.07651766522473673,0.11477649783710495,501.9815091539871
RF-19840,1.0,761.0,1125.0,440.15999999999997,0.04063541524605134,0.08127083049210271,0.12190624573815413,850.2852305424839
RH-19600,1.0,129.0,893.0,750.93,0.047641370485514214,0.09528274097102848,0.1429241114565428,1699.2301387891025
RK-19300,1.0,691.0,791.0,12.192,0.051548822039211135,0.1030976440784223,0.1546464661176337,32.0988307244523
RL-19615,3.0,945.0,1102.0,1505.8483333333334,0.07983101515156767,0.1596620303031349,0.23949304545470254,1814.664986607491
RM-19375,2.0,788.0,1310.0,285.275,0.05339048098649963,0.10678096197299904,0.16017144295949864,277.55976740849684
RO-19780,3.0,548.0,944.0,612.8993333333334,0.08886226166332342,0.17772452332664684,0.2665867849899707,822.3958269775427
RP-19390,4.0,333.0,1134.0,729.369,0.09712895201212375,0.1942579040242495,0.29138685603637327,985.5219256109089
RP-19855,2.0,1337.0,1346.0,273.78499999999997,0.052321857406137776,0.10464371481227577,0.15696557221841376,261.0667524701427
RR-19525,1.0,452.0,1189.0,97.424,0.03905121644970663,0.07810243289941335,0.11715364934911979,182.2107649152672
RS-19420,2.0,887.0,1224.0,462.51,0.056129060292510226,0.11225812058502112,0.16838718087753135,472.7871944132346
RS-19765,4.0,1250.0,1344.0,348.85749999999996,0.08577597907588665,0.17155195815177196,0.2573279372276619,416.42390998741666
RS-19870,1.0,552.0,552.0,12.68,0.06381222375480201,0.12762444750960422,0.19143667126440594,41.21234717561392
RW-19540,2.0,941.0,1042.0,1323.8470000000002,0.06296385960978577,0.12592771921957155,0.1888915788293573,1517.0529562770912
RW-19630,2.0,576.0,646.0,54.977,0.0856591365293286,0.1713182730586572,0.2569774095879865,86.4067680951996
RW-19690,1.0,32.0,92.0,441.71999999999997,0.11770877581368552,0.23541755162737057,0.3531263274410559,2471.735630679715
SA-20830,1.0,6.0,252.0,284.19,0.09098066028934419,0.18196132057868816,0.27294198086803184,1230.5855136547148
SB-20170,2.0,1102.0,1284.0,654.7239999999999,0.05418981840411306,0.10837963680822657,0.16256945521233984,645.9577248059364
SB-20290,3.0,1219.0,1312.0,496.73133333333334,0.07033071021912496,0.14066142043824992,0.2109921306573744,527.5851033041056
SC-20020,3.0,617.0,1379.0,610.8873333333332,0.06775805074718708,0.1355161014943746,0.20327415224156212,625.0246376319607
SC-20050,1.0,145.0,244.0,367.53000000000003,0.09202547087428173,0.1840509417485634,0.276076412622845,1608.5403142229154
SC-20095,3.0,634.0,1398.0,688.6273333333334,0.06706239376014296,0.13412478752028548,0.20118718128042798,697.2900030410636
SC-20230,2.0,423.0,553.0,463.65799999999996,0.09358084527059367,0.18716169054118756,0.28074253581178144,790.2062180135879
SC-20305,1.0,174.0,184.0,422.909,0.10069854205946681,0.2013970841189339,0.3020956261784005,2024.682794720142
SC-20380,2.0,1070.0,1381.0,123.75,0.05132314662418568,0.10264629324837181,0.1539694398725577,115.98803702902394
SC-20440,1.0,27.0,829.0,139.424,0.05002041135031082,0.10004082270062173,0.15006123405093252,333.053362971633
SC-20695,6.0,692.0,762.0,153.62133333333333,0.1762740848640661,0.3525481697281311,0.5288222545921972,349.52303183955866
SC-20725,4.0,943.0,1287.0,469.313,0.08858648115929382,0.17717296231858765,0.2657594434778815,578.4653593543875
SC-20770,1.0,263.0,547.0,19.198,0.06413140327917354,0.12826280655834707,0.1923942098375206,61.248069110086135
SD-20485,2.0,187.0,1345.0,58.431,0.05235096344451665,0.1047019268890333,0.15705289033354997,56.09765073259852
SE-20110,4.0,881.0,1340.0,2598.2375,0.0859673761382909,0.1719347522765818,0.2579021284148727,3106.5817698328433
SF-20065,2.0,1148.0,1188.0,137.865,0.05736068927370429,0.1147213785474088,0.1720820678211131,144.36298484297993
SF-20200,4.0,972.0,1012.0,686.361,0.10521955549964576,0.21043911099929152,0.3156586664989379,1004.6807014063198
SF-20965,3.0,1044.0,1073.0,104.07933333333334,0.08134848729257442,0.16269697458514884,0.2440454618777237,128.16378365716378
SG-20605,1.0,398.0,1134.0,1782.17,0.040404914736033005,0.08080982947206615,0.12121474420809925,3417.7432765891463
SH-19975,3.0,1087.0,1097.0,255.27866666666668,0.08008859621574203,0.1601771924314845,0.240265788647227,308.93596489059644
SH-20395,7.0,1131.0,1135.0,252.0442857142857,0.15375608183691167,0.307512163673826,0.46126824551073764,489.7697205331195
SJ-20125,4.0,521.0,643.0,42.4675,0.1406567495787611,0.2813134991575215,0.4219702487362826,83.52771283060522
SJ-20215,2.0,1026.0,1036.0,353.60499999999996,0.06321763887153126,0.12643527774306185,0.18965291661459313,407.23811103370144
SJ-20500,1.0,784.0,1159.0,840.0,0.03977814340764845,0.07955628681529689,0.1193344302229455,1586.8470495373654
SL-20155,1.0,799.0,1165.0,6.48,0.039630601006940165,0.07926120201388034,0.11889180302082056,13.93890567668197
SM-20005,1.0,695.0,1097.0,77.488,0.04136965012114339,0.0827393002422868,0.12410895036343002,153.903983827591
SM-20320,1.0,95.0,155.0,7.968,0.10550453045476205,0.21100906090952398,0.31651359136428575,44.55549842573606
SM-20950,2.0,1130.0,1136.0,220.01999999999998,0.059238255353273796,0.11847651070654759,0.17771476605982095,237.63144793358407
SN-20560,2.0,730.0,822.0,396.247,0.07383137445847872,0.14766274891695721,0.22149412337543573,532.8893247777064
SN-20710,1.0,1255.0,1315.0,254.604,0.03626757048326173,0.07253514096652357,0.10880271144978518,439.64581652974186
SO-20335,3.0,782.0,792.0,479.12600000000003,0.099714543140043,0.19942908628008643,0.29914362942012895,721.5130769201485
SP-20545,1.0,120.0,428.0,273.7,0.0727975241476785,0.14559504829535688,0.2183925724430354,948.418173231054
SP-20620,4.0,1097.0,1190.0,1110.58575,0.09381766172328751,0.18763532344657435,0.2814529851698625,1449.3032347348749
SP-20650,4.0,857.0,1224.0,151.9215,0.09191515342785748,0.1838303068557163,0.2757454602835738,194.4933615864733
SP-20860,2.0,768.0,828.0,32.277,0.07348545986361278,0.14697091972722556,0.2204563795908381,43.777751067500525
SR-20425,1.0,6.0,39.0,109.9,0.13039835610624004,0.2607967122124803,0.39119506831872114,685.6062297583635
SR-20740,3.0,515.0,1132.0,30.432000000000002,0.07831966421712235,0.15663932843424425,0.23495899265136658,36.33932860259619
SS-20410,2.0,1100.0,1191.0,106.33,0.05725599285355818,0.11451198570711658,0.171767978560675,111.24973184587724
SS-20590,2.0,759.0,1224.0,52.025000000000006,0.056129060292510226,0.11225812058502112,0.16838718087753135,53.60440372720649
SU-20665,4.0,736.0,737.0,261.6085,0.12954258294278437,0.25908516588556807,0.3886277488283524,471.7188304065214
SV-20365,3.0,1303.0,1430.0,364.98533333333336,0.06592250021254792,0.13184500042509584,0.1977675006376442,363.4404493325261
SV-20785,4.0,574.0,1339.0,610.5597500000001,0.08601535893953642,0.1720307178790735,0.2580460768186099,730.636758283087
SV-20935,1.0,27.0,36.0,67.86,0.13119895350358476,0.26239790700716964,0.39359686051075404,428.1650923749737
SW-20245,3.0,708.0,770.0,111.12866666666667,0.10150880781613551,0.20301761563227147,0.3045264234484074,170.72572781806554
SW-20275,1.0,976.0,1372.0,885.5699999999999,0.03513459957220483,0.07026919914440964,0.1054037987166145,1477.557353923712
SW-20455,2.0,96.0,827.0,158.26,0.07354288702597556,0.14708577405195045,0.22062866107792642,212.37835857140308
SZ-20035,6.0,1154.0,1191.0,95.28966666666668,0.13026517141939298,0.26053034283878707,0.39079551425818115,160.31680298070222
TA-21385,2.0,935.0,1186.0,45.656000000000006,0.05743069986278506,0.1148613997255699,0.17229209958835498,48.192715653692524
TB-21055,1.0,30.0,130.0,237.64,0.11003161965130578,0.22006323930261137,0.3300948589539174,1245.287539898526
TB-21175,3.0,1060.0,1099.0,1176.2933333333333,0.0799853645818297,0.15997072916366029,0.23995609374548998,1420.3484360203013
TB-21190,1.0,1.0,31.0,34.92,0.13255535443021796,0.2651107088604355,0.39766606329065285,225.4586440949114
TB-21250,3.0,669.0,1099.0,231.7893333333333,0.0799853645818297,0.15997072916366029,0.23995609374548998,280.18240803669977
TB-21400,2.0,1224.0,1407.0,879.799,0.05060558315144095,0.10121116630288213,0.15181674945432308,810.4585614843835
TB-21625,2.0,767.0,1223.0,121.345,0.056162557601127566,0.11232511520225513,0.16848767280338292,124.46746600256417
TC-20980,1.0,695.0,1130.0,18336.74,0.040507035766612916,0.08101407153322591,0.12152110729983881,35237.34806701487
TC-21295,2.0,542.0,550.0,112.82,0.09386085168165817,0.187721703363317,0.2815825550449756,193.45657861013066
TC-21475,1.0,118.0,371.0,771.8,0.07783554381615368,0.15567108763230736,0.23350663144846107,2853.2291106968787
TC-21535,2.0,1130.0,1134.0,57.879999999999995,0.059312927197753725,0.11862585439550745,0.17793878159326115,62.96328038899455
TD-20995,2.0,126.0,156.0,14.927999999999997,0.1546222978006498,0.3092445956012996,0.46386689340194937,43.308613172219154
TG-21310,1.0,543.0,1008.0,999.98,0.043890412725042294,0.08778082545008468,0.13167123817512721,2083.9872251800066
TG-21640,1.0,821.0,916.0,248.82,0.04684075070812177,0.09368150141624339,0.1405222521243652,554.9646245685673
TH-21115,1.0,482.0,521.0,891.504,0.06584398228106766,0.13168796456213522,0.19753194684320272,2787.550748713549
TH-21235,2.0,1035.0,1133.0,272.35600000000005,0.059350333759323526,0.11870066751864683,0.1780510012779708,294.59322683612265
TM-21010,1.0,400.0,1221.0,193.26,0.03830455218087495,0.07660910436174997,0.114913656542625,352.8704910811275
TN-21040,2.0,1087.0,1158.0,332.34,0.05842910460983096,0.11685820921966192,0.17528731382949286,353.7856827999568
TP-21130,1.0,364.0,371.0,551.55,0.07783554384865554,0.15567108769731108,0.23350663154596663,2039.982280900113
TP-21565,2.0,614.0,1016.0,751.5559999999999,0.0640785457545196,0.12815709150903964,0.19223563726355947,876.722667693664
TR-21325,2.0,647.0,1106.0,176.2,0.06037845466298858,0.12075690932597738,0.18113536398896596,194.0689985397318
TS-21205,2.0,784.0,1281.0,557.2620000000001,0.05428359248107379,0.10856718496214736,0.16285077744322182,550.820763112837
TS-21340,1.0,183.0,1190.0,1.112,0.03902744278592706,0.07805488557185404,0.11708232835778107,3.7884853100346385
TS-21370,2.0,817.0,884.0,2859.5605,0.0704066804225772,0.14081336084515483,0.21122004126773203,3663.5530183483006
TS-21430,1.0,973.0,1126.0,101.752,0.04060967429947436,0.08121934859894872,0.12182902289842315,197.82012165380698
TS-21505,1.0,127.0,161.0,461.592,0.1044729181538219,0.20894583630764374,0.3134187544614659,2292.2851782211796
TS-21610,2.0,422.0,458.0,127.618,0.10334352658521674,0.2066870531704337,0.31003057975565046,240.82436409518417
TS-21655,2.0,820.0,1039.0,737.845,0.06309049403718368,0.1261809880743676,0.1892714821115513,847.4660751853248
TT-21070,2.0,611.0,1190.0,14.942,0.05729084916886784,0.1145816983377359,0.17187254750660375,16.061354645655975
TT-21220,2.0,578.0,980.0,175.736,0.06568875168835858,0.13137750337671739,0.19706625506507597,210.58287236359902
TT-21460,1.0,452.0,734.0,114.684,0.05402498177392436,0.10804996354784864,0.16207494532177286,296.3122909115384
TW-21025,1.0,87.0,828.0,4210.65,0.0500594706366583,0.10011894127331668,0.1501784119099749,10001.387357722848
TZ-21580,1.0,388.0,1126.0,41.98,0.04060967426185022,0.08121934852370044,0.12182902278555073,82.67228243706454
VB-21745,1.0,243.0,278.0,5.78,0.08774304273554508,0.17548608547108993,0.26322912820663497,27.947388544019894
VD-21670,2.0,458.0,1225.0,1303.598,0.05609560291800166,0.11219120583600355,0.1682868087540059,1330.9032601308834
VF-21715,1.0,1225.0,1381.0,133.576,0.03496214844239494,0.06992429688478985,0.10488644532718472,223.09103439340004
VG-21790,2.0,1065.0,1221.0,143.174,0.056229672307017815,0.11245934461403519,0.16868901692105365,146.94769942500545
VM-21685,4.0,1309.0,1344.0,369.9245,0.08577597907588665,0.17155195815177196,0.2573279372276619,441.55432209982575
VM-21835,1.0,480.0,578.0,14.82,0.062202412762999926,0.12440482552600006,0.1866072382889998,46.48732353734127
VP-21760,2.0,94.0,1192.0,317.062,0.05722117892630847,0.11444235785261672,0.1716635367789252,330.5664518747257
VS-21820,1.0,731.0,1434.0,187.228,0.033979976566448994,0.06795995313289802,0.10193992969934708,303.3082067955063
VT-21700,1.0,303.0,1284.0,1636.356,0.036914971052056704,0.07382994210411344,0.11074491315617019,2867.1916058302504
VW-21775,5.0,1301.0,1310.0,508.5544,0.10445057486211742,0.20890114972423396,0.31335172458635224,705.7346286935704
WB-21850,6.0,1132.0,1133.0,476.75383333333326,0.13503008184192303,0.27006016368384494,0.405090245525768,830.3522338734489
XP-21865,5.0,1099.0,1162.0,173.8784,0.11402471572889748,0.22804943145779497,0.34207414718669243,263.59958956760096
YC-21895,2.0,299.0,760.0,785.74,0.07760626799941782,0.15521253599883608,0.23281880399825391,1110.0746034673064
YS-21880,3.0,903.0,1064.0,167.33733333333336,0.08183122658247814,0.16366245316495628,0.24549367974743444,207.04902082999325
ZC-21910,4.0,608.0,643.0,423.7215,0.1406567495787611,0.2813134991575215,0.4219702487362826,829.2999595439215
ZD-21925,3.0,434.0,617.0,306.0346666666667,0.11602865369140784,0.23205730738281302,0.34808596107422174,536.4526195397241
